algo,alpha_hat
cluster_ts_hybrid,0.9335339759114597
popularity,0.9893923686459163
random,0.9988090833403331
ts_hier,0.9739307976291498
