algo,alpha_hat
cluster_ts_hybrid,1.0595671655945158
popularity,0.9660971037089457
random,0.9626144908253279
ts_hier,0.9087997718527665
