algo,alpha_hat
cluster_ts_hybrid,1.0038342102071238
popularity,1.0548703611659094
random,0.9675936742010047
ts_hier,1.0213254528596483
