algo,alpha_hat
cluster_ts_hybrid,0.989320965195071
popularity,0.9803866842204381
random,0.9692684404547551
ts_hier,0.916161599586342
