algo,alpha_hat
cluster_ts_hybrid,0.9551340015897202
popularity,0.9999747228750521
random,0.9858030407760281
ts_hier,1.1006533239372478
