algo,alpha_hat
cluster_ts_hybrid,1.0531208389607654
popularity,0.9629283368274151
random,0.9621420612181372
ts_hier,0.9290508219087305
