algo,alpha_hat
cluster_ts_hybrid,0.7497605896729488
popularity,0.98230971156477
random,0.9862777954853564
ts_hier,1.0073190628497275
