algo,alpha_hat
cluster_ts_hybrid,0.9252630949596833
popularity,0.9959290933853406
random,0.9974200809820521
ts_hier,0.978196928889208
