algo,alpha_hat
cluster_ts_hybrid,0.9060459524053167
popularity,0.9946008807374944
random,0.9849028971463447
ts_hier,0.8885279890726518
